pr_id	0	0	9	0	19	-1	-1	-1	-1
pr_id	1	0	9	20	39	-1	-1	-1	-1
pr_id	2	0	9	40	59	-1	-1	-1	-1
pr_id	3	0	9	60	79	-1	-1	-1	-1
pr_id	4	0	9	80	90	-1	-1	-1	-1
pr_id	5	10	19	0	19	-1	-1	-1	-1
pr_id	6	10	19	20	39	-1	-1	-1	-1
pr_id	7	10	19	40	59	-1	-1	-1	-1
pr_id	8	10	19	60	79	-1	-1	-1	-1
pr_id	9	10	19	80	90	-1	-1	-1	-1
pr_id	10	20	29	0	19	-1	-1	-1	-1
pr_id	11	20	29	20	39	-1	-1	-1	-1
pr_id	12	20	29	40	59	-1	-1	-1	-1
pr_id	13	20	29	60	79	-1	-1	-1	-1
pr_id	14	20	29	80	90	-1	-1	-1	-1
pr_id	15	30	39	0	19	-1	-1	-1	-1
pr_id	16	30	39	20	39	-1	-1	-1	-1
pr_id	17	30	39	40	59	-1	-1	-1	-1
pr_id	18	30	39	60	79	-1	-1	-1	-1
pr_id	19	30	39	80	90	-1	-1	-1	-1
pr_id	20	40	49	0	19	-1	-1	-1	-1
pr_id	21	40	49	20	39	-1	-1	-1	-1
pr_id	22	40	49	40	59	-1	-1	-1	-1
pr_id	23	40	49	60	79	-1	-1	-1	-1
pr_id	24	40	49	80	90	-1	-1	-1	-1
pr_id	25	50	59	0	19	-1	-1	-1	-1
pr_id	26	50	59	20	39	-1	-1	-1	-1
pr_id	27	50	59	40	59	-1	-1	-1	-1
pr_id	28	50	59	60	79	-1	-1	-1	-1
pr_id	29	50	59	80	90	-1	-1	-1	-1
pr_id	30	60	69	0	19	-1	-1	-1	-1
pr_id	31	60	69	20	39	-1	-1	-1	-1
pr_id	32	60	69	40	59	-1	-1	-1	-1
pr_id	33	60	69	60	79	-1	-1	-1	-1
pr_id	34	60	69	80	90	-1	-1	-1	-1
pr_id	35	70	79	0	19	-1	-1	-1	-1
pr_id	36	70	79	20	39	-1	-1	-1	-1
pr_id	37	70	79	40	59	-1	-1	-1	-1
pr_id	38	70	79	60	79	-1	-1	-1	-1
pr_id	39	70	79	80	90	-1	-1	-1	-1
pr_id	40	80	89	0	19	-1	-1	-1	-1
pr_id	41	80	89	20	39	-1	-1	-1	-1
pr_id	42	80	89	40	59	-1	-1	-1	-1
pr_id	43	80	89	60	79	-1	-1	-1	-1
pr_id	44	80	89	80	90	-1	-1	-1	-1
pr_id	45	90	99	0	19	-1	-1	-1	-1
pr_id	46	90	99	20	39	-1	-1	-1	-1
pr_id	47	90	99	40	59	-1	-1	-1	-1
pr_id	48	90	99	60	79	-1	-1	-1	-1
pr_id	49	90	99	80	90	-1	-1	-1	-1
pr_id	50	100	109	0	19	-1	-1	-1	-1
pr_id	51	100	109	20	39	-1	-1	-1	-1
pr_id	52	100	109	40	59	-1	-1	-1	-1
pr_id	53	100	109	60	79	-1	-1	-1	-1
pr_id	54	100	109	80	90	-1	-1	-1	-1
pr_id	55	110	119	0	19	-1	-1	-1	-1
pr_id	56	110	119	20	39	-1	-1	-1	-1
pr_id	57	110	119	40	59	-1	-1	-1	-1
pr_id	58	110	119	60	79	-1	-1	-1	-1
pr_id	59	110	119	80	90	-1	-1	-1	-1
pr_id	60	120	129	0	19	-1	-1	-1	-1
pr_id	61	120	129	20	39	-1	-1	-1	-1
pr_id	62	120	129	40	59	-1	-1	-1	-1
pr_id	63	120	129	60	79	-1	-1	-1	-1
pr_id	64	120	129	80	90	-1	-1	-1	-1
pr_id	65	130	139	0	19	-1	-1	-1	-1
pr_id	66	130	139	20	39	-1	-1	-1	-1
pr_id	67	130	139	40	59	-1	-1	-1	-1
pr_id	68	130	139	60	79	-1	-1	-1	-1
pr_id	69	130	139	80	90	-1	-1	-1	-1
pr_id	70	140	149	0	19	-1	-1	-1	-1
pr_id	71	140	149	20	39	-1	-1	-1	-1
pr_id	72	140	149	40	59	-1	-1	-1	-1
pr_id	73	140	149	60	79	-1	-1	-1	-1
pr_id	74	140	149	80	90	-1	-1	-1	-1
pr_id	75	150	159	0	19	-1	-1	-1	-1
pr_id	76	150	159	20	39	-1	-1	-1	-1
pr_id	77	150	159	40	59	-1	-1	-1	-1
pr_id	78	150	159	60	79	-1	-1	-1	-1
pr_id	79	150	159	80	90	-1	-1	-1	-1
pr_id	80	160	169	0	19	-1	-1	-1	-1
pr_id	81	160	169	20	39	-1	-1	-1	-1
pr_id	82	160	169	40	59	-1	-1	-1	-1
pr_id	83	160	169	60	79	-1	-1	-1	-1
pr_id	84	160	169	80	90	-1	-1	-1	-1
pr_id	85	170	179	0	19	-1	-1	-1	-1
pr_id	86	170	179	20	39	-1	-1	-1	-1
pr_id	87	170	179	40	59	-1	-1	-1	-1
pr_id	88	170	179	60	79	-1	-1	-1	-1
pr_id	89	170	179	80	90	-1	-1	-1	-1
pr_id	90	180	189	0	19	-1	-1	-1	-1
pr_id	91	180	189	20	39	-1	-1	-1	-1
pr_id	92	180	189	40	59	-1	-1	-1	-1
pr_id	93	180	189	60	79	-1	-1	-1	-1
pr_id	94	180	189	80	90	-1	-1	-1	-1
pr_id	95	190	199	0	19	-1	-1	-1	-1
pr_id	96	190	199	20	39	-1	-1	-1	-1
pr_id	97	190	199	40	59	-1	-1	-1	-1
pr_id	98	190	199	60	79	-1	-1	-1	-1
pr_id	99	190	199	80	90	-1	-1	-1	-1
pr_id	100	200	209	0	19	-1	-1	-1	-1
pr_id	101	200	209	20	39	-1	-1	-1	-1
pr_id	102	200	209	40	59	-1	-1	-1	-1
pr_id	103	200	209	60	79	-1	-1	-1	-1
pr_id	104	200	209	80	90	-1	-1	-1	-1
pr_id	105	210	219	0	19	-1	-1	-1	-1
pr_id	106	210	219	20	39	-1	-1	-1	-1
pr_id	107	210	219	40	59	-1	-1	-1	-1
pr_id	108	210	219	60	79	-1	-1	-1	-1
pr_id	109	210	219	80	90	-1	-1	-1	-1
pr_id	110	220	229	0	19	-1	-1	-1	-1
pr_id	111	220	229	20	39	-1	-1	-1	-1
pr_id	112	220	229	40	59	-1	-1	-1	-1
pr_id	113	220	229	60	79	-1	-1	-1	-1
pr_id	114	220	229	80	90	-1	-1	-1	-1
pr_id	115	230	239	0	19	-1	-1	-1	-1
pr_id	116	230	239	20	39	-1	-1	-1	-1
pr_id	117	230	239	40	59	-1	-1	-1	-1
pr_id	118	230	239	60	79	-1	-1	-1	-1
pr_id	119	230	239	80	90	-1	-1	-1	-1
pr_id	120	240	249	0	19	-1	-1	-1	-1
pr_id	121	240	249	20	39	-1	-1	-1	-1
pr_id	122	240	249	40	59	-1	-1	-1	-1
pr_id	123	240	249	60	79	-1	-1	-1	-1
pr_id	124	240	249	80	90	-1	-1	-1	-1
pr_id	125	250	259	0	19	-1	-1	-1	-1
pr_id	126	250	259	20	39	-1	-1	-1	-1
pr_id	127	250	259	40	59	-1	-1	-1	-1
pr_id	128	250	259	60	79	-1	-1	-1	-1
pr_id	129	250	259	80	90	-1	-1	-1	-1
pr_id	130	260	269	0	19	-1	-1	-1	-1
pr_id	131	260	269	20	39	-1	-1	-1	-1
pr_id	132	260	269	40	59	-1	-1	-1	-1
pr_id	133	260	269	60	79	-1	-1	-1	-1
pr_id	134	260	269	80	90	-1	-1	-1	-1
pr_id	135	270	279	0	19	-1	-1	-1	-1
pr_id	136	270	279	20	39	-1	-1	-1	-1
pr_id	137	270	279	40	59	-1	-1	-1	-1
pr_id	138	270	279	60	79	-1	-1	-1	-1
pr_id	139	270	279	80	90	-1	-1	-1	-1
pr_id	140	280	289	0	19	-1	-1	-1	-1
pr_id	141	280	289	20	39	-1	-1	-1	-1
pr_id	142	280	289	40	59	-1	-1	-1	-1
pr_id	143	280	289	60	79	-1	-1	-1	-1
pr_id	144	280	289	80	90	-1	-1	-1	-1
pr_id	145	290	299	0	19	-1	-1	-1	-1
pr_id	146	290	299	20	39	-1	-1	-1	-1
pr_id	147	290	299	40	59	-1	-1	-1	-1
pr_id	148	290	299	60	79	-1	-1	-1	-1
pr_id	149	290	299	80	90	-1	-1	-1	-1
pr_id	150	300	309	0	19	-1	-1	-1	-1
pr_id	151	300	309	20	39	-1	-1	-1	-1
pr_id	152	300	309	40	59	-1	-1	-1	-1
pr_id	153	300	309	60	79	-1	-1	-1	-1
pr_id	154	300	309	80	90	-1	-1	-1	-1
pr_id	155	310	319	0	19	-1	-1	-1	-1
pr_id	156	310	319	20	39	-1	-1	-1	-1
pr_id	157	310	319	40	59	-1	-1	-1	-1
pr_id	158	310	319	60	79	-1	-1	-1	-1
pr_id	159	310	319	80	90	-1	-1	-1	-1
pr_id	160	320	329	0	19	-1	-1	-1	-1
pr_id	161	320	329	20	39	-1	-1	-1	-1
pr_id	162	320	329	40	59	-1	-1	-1	-1
pr_id	163	320	329	60	79	-1	-1	-1	-1
pr_id	164	320	329	80	90	-1	-1	-1	-1
pr_id	165	330	339	0	19	-1	-1	-1	-1
pr_id	166	330	339	20	39	-1	-1	-1	-1
pr_id	167	330	339	40	59	-1	-1	-1	-1
pr_id	168	330	339	60	79	-1	-1	-1	-1
pr_id	169	330	339	80	90	-1	-1	-1	-1
pr_id	170	340	349	0	19	-1	-1	-1	-1
pr_id	171	340	349	20	39	-1	-1	-1	-1
pr_id	172	340	349	40	59	-1	-1	-1	-1
pr_id	173	340	349	60	79	-1	-1	-1	-1
pr_id	174	340	349	80	90	-1	-1	-1	-1
pr_id	175	350	359	0	19	-1	-1	-1	-1
pr_id	176	350	359	20	39	-1	-1	-1	-1
pr_id	177	350	359	40	59	-1	-1	-1	-1
pr_id	178	350	359	60	79	-1	-1	-1	-1
pr_id	179	350	359	80	90	-1	-1	-1	-1
pr_id	180	360	369	0	19	-1	-1	-1	-1
pr_id	181	360	369	20	39	-1	-1	-1	-1
pr_id	182	360	369	40	59	-1	-1	-1	-1
pr_id	183	360	369	60	79	-1	-1	-1	-1
pr_id	184	360	369	80	90	-1	-1	-1	-1
pr_id	185	370	379	0	19	-1	-1	-1	-1
pr_id	186	370	379	20	39	-1	-1	-1	-1
pr_id	187	370	379	40	59	-1	-1	-1	-1
pr_id	188	370	379	60	79	-1	-1	-1	-1
pr_id	189	370	379	80	90	-1	-1	-1	-1
pr_id	190	380	389	0	19	-1	-1	-1	-1
pr_id	191	380	389	20	39	-1	-1	-1	-1
pr_id	192	380	389	40	59	-1	-1	-1	-1
pr_id	193	380	389	60	79	-1	-1	-1	-1
pr_id	194	380	389	80	90	-1	-1	-1	-1
pr_id	195	390	399	0	19	-1	-1	-1	-1
pr_id	196	390	399	20	39	-1	-1	-1	-1
pr_id	197	390	399	40	59	-1	-1	-1	-1
pr_id	198	390	399	60	79	-1	-1	-1	-1
pr_id	199	390	399	80	90	-1	-1	-1	-1
pr_id	200	400	409	0	19	-1	-1	-1	-1
pr_id	201	400	409	20	39	-1	-1	-1	-1
pr_id	202	400	409	40	59	-1	-1	-1	-1
pr_id	203	400	409	60	79	-1	-1	-1	-1
pr_id	204	400	409	80	90	-1	-1	-1	-1
pr_id	205	410	419	0	19	-1	-1	-1	-1
pr_id	206	410	419	20	39	-1	-1	-1	-1
pr_id	207	410	419	40	59	-1	-1	-1	-1
pr_id	208	410	419	60	79	-1	-1	-1	-1
pr_id	209	410	419	80	90	-1	-1	-1	-1
pr_id	210	420	429	0	19	-1	-1	-1	-1
pr_id	211	420	429	20	39	-1	-1	-1	-1
pr_id	212	420	429	40	59	-1	-1	-1	-1
pr_id	213	420	429	60	79	-1	-1	-1	-1
pr_id	214	420	429	80	90	-1	-1	-1	-1
pr_id	215	430	439	0	19	-1	-1	-1	-1
pr_id	216	430	439	20	39	-1	-1	-1	-1
pr_id	217	430	439	40	59	-1	-1	-1	-1
pr_id	218	430	439	60	79	-1	-1	-1	-1
pr_id	219	430	439	80	90	-1	-1	-1	-1
pr_id	220	440	449	0	19	-1	-1	-1	-1
pr_id	221	440	449	20	39	-1	-1	-1	-1
pr_id	222	440	449	40	59	-1	-1	-1	-1
pr_id	223	440	449	60	79	-1	-1	-1	-1
pr_id	224	440	449	80	90	-1	-1	-1	-1
pr_id	225	450	459	0	19	-1	-1	-1	-1
pr_id	226	450	459	20	39	-1	-1	-1	-1
pr_id	227	450	459	40	59	-1	-1	-1	-1
pr_id	228	450	459	60	79	-1	-1	-1	-1
pr_id	229	450	459	80	90	-1	-1	-1	-1
pr_id	230	460	469	0	19	-1	-1	-1	-1
pr_id	231	460	469	20	39	-1	-1	-1	-1
pr_id	232	460	469	40	59	-1	-1	-1	-1
pr_id	233	460	469	60	79	-1	-1	-1	-1
pr_id	234	460	469	80	90	-1	-1	-1	-1
pr_id	235	470	479	0	19	-1	-1	-1	-1
pr_id	236	470	479	20	39	-1	-1	-1	-1
pr_id	237	470	479	40	59	-1	-1	-1	-1
pr_id	238	470	479	60	79	-1	-1	-1	-1
pr_id	239	470	479	80	90	-1	-1	-1	-1
pr_id	240	480	489	0	19	-1	-1	-1	-1
pr_id	241	480	489	20	39	-1	-1	-1	-1
pr_id	242	480	489	40	59	-1	-1	-1	-1
pr_id	243	480	489	60	79	-1	-1	-1	-1
pr_id	244	480	489	80	90	-1	-1	-1	-1
pr_id	245	490	499	0	19	-1	-1	-1	-1
pr_id	246	490	499	20	39	-1	-1	-1	-1
pr_id	247	490	499	40	59	-1	-1	-1	-1
pr_id	248	490	499	60	79	-1	-1	-1	-1
pr_id	249	490	499	80	90	-1	-1	-1	-1
pr_id	250	500	509	0	19	-1	-1	-1	-1
pr_id	251	500	509	20	39	-1	-1	-1	-1
pr_id	252	500	509	40	59	-1	-1	-1	-1
pr_id	253	500	509	60	79	-1	-1	-1	-1
pr_id	254	500	509	80	90	-1	-1	-1	-1
pr_id	255	510	519	0	19	-1	-1	-1	-1
pr_id	256	510	519	20	39	-1	-1	-1	-1
pr_id	257	510	519	40	59	-1	-1	-1	-1
pr_id	258	510	519	60	79	-1	-1	-1	-1
pr_id	259	510	519	80	90	-1	-1	-1	-1
pr_id	260	520	529	0	19	-1	-1	-1	-1
pr_id	261	520	529	20	39	-1	-1	-1	-1
pr_id	262	520	529	40	59	-1	-1	-1	-1
pr_id	263	520	529	60	79	-1	-1	-1	-1
pr_id	264	520	529	80	90	-1	-1	-1	-1
pr_id	265	530	539	0	19	-1	-1	-1	-1
pr_id	266	530	539	20	39	-1	-1	-1	-1
pr_id	267	530	539	40	59	-1	-1	-1	-1
pr_id	268	530	539	60	79	-1	-1	-1	-1
pr_id	269	530	539	80	90	-1	-1	-1	-1
pr_id	270	540	549	0	19	-1	-1	-1	-1
pr_id	271	540	549	20	39	-1	-1	-1	-1
pr_id	272	540	549	40	59	-1	-1	-1	-1
pr_id	273	540	549	60	79	-1	-1	-1	-1
pr_id	274	540	549	80	90	-1	-1	-1	-1
pr_id	275	550	559	0	19	-1	-1	-1	-1
pr_id	276	550	559	20	39	-1	-1	-1	-1
pr_id	277	550	559	40	59	-1	-1	-1	-1
pr_id	278	550	559	60	79	-1	-1	-1	-1
pr_id	279	550	559	80	90	-1	-1	-1	-1
pr_id	280	560	569	0	19	-1	-1	-1	-1
pr_id	281	560	569	20	39	-1	-1	-1	-1
pr_id	282	560	569	40	59	-1	-1	-1	-1
pr_id	283	560	569	60	79	-1	-1	-1	-1
pr_id	284	560	569	80	90	-1	-1	-1	-1
pr_id	285	570	579	0	19	-1	-1	-1	-1
pr_id	286	570	579	20	39	-1	-1	-1	-1
pr_id	287	570	579	40	59	-1	-1	-1	-1
pr_id	288	570	579	60	79	-1	-1	-1	-1
pr_id	289	570	579	80	90	-1	-1	-1	-1
pr_id	290	580	589	0	19	-1	-1	-1	-1
pr_id	291	580	589	20	39	-1	-1	-1	-1
pr_id	292	580	589	40	59	-1	-1	-1	-1
pr_id	293	580	589	60	79	-1	-1	-1	-1
pr_id	294	580	589	80	90	-1	-1	-1	-1
pr_id	295	590	599	0	19	-1	-1	-1	-1
pr_id	296	590	599	20	39	-1	-1	-1	-1
pr_id	297	590	599	40	59	-1	-1	-1	-1
pr_id	298	590	599	60	79	-1	-1	-1	-1
pr_id	299	590	599	80	90	-1	-1	-1	-1
pr_id	300	600	609	0	19	-1	-1	-1	-1
pr_id	301	600	609	20	39	-1	-1	-1	-1
pr_id	302	600	609	40	59	-1	-1	-1	-1
pr_id	303	600	609	60	79	-1	-1	-1	-1
pr_id	304	600	609	80	90	-1	-1	-1	-1
pr_id	305	610	619	0	19	-1	-1	-1	-1
pr_id	306	610	619	20	39	-1	-1	-1	-1
pr_id	307	610	619	40	59	-1	-1	-1	-1
pr_id	308	610	619	60	79	-1	-1	-1	-1
pr_id	309	610	619	80	90	-1	-1	-1	-1
pr_id	310	620	629	0	19	-1	-1	-1	-1
pr_id	311	620	629	20	39	-1	-1	-1	-1
pr_id	312	620	629	40	59	-1	-1	-1	-1
pr_id	313	620	629	60	79	-1	-1	-1	-1
pr_id	314	620	629	80	90	-1	-1	-1	-1
pr_id	315	630	639	0	19	-1	-1	-1	-1
pr_id	316	630	639	20	39	-1	-1	-1	-1
pr_id	317	630	639	40	59	-1	-1	-1	-1
pr_id	318	630	639	60	79	-1	-1	-1	-1
pr_id	319	630	639	80	90	-1	-1	-1	-1
pr_id	320	640	649	0	19	-1	-1	-1	-1
pr_id	321	640	649	20	39	-1	-1	-1	-1
pr_id	322	640	649	40	59	-1	-1	-1	-1
pr_id	323	640	649	60	79	-1	-1	-1	-1
pr_id	324	640	649	80	90	-1	-1	-1	-1
pr_id	325	650	659	0	19	-1	-1	-1	-1
pr_id	326	650	659	20	39	-1	-1	-1	-1
pr_id	327	650	659	40	59	-1	-1	-1	-1
pr_id	328	650	659	60	79	-1	-1	-1	-1
pr_id	329	650	659	80	90	-1	-1	-1	-1
pr_id	330	660	669	0	19	-1	-1	-1	-1
pr_id	331	660	669	20	39	-1	-1	-1	-1
pr_id	332	660	669	40	59	-1	-1	-1	-1
pr_id	333	660	669	60	79	-1	-1	-1	-1
pr_id	334	660	669	80	90	-1	-1	-1	-1
pr_id	335	670	679	0	19	-1	-1	-1	-1
pr_id	336	670	679	20	39	-1	-1	-1	-1
pr_id	337	670	679	40	59	-1	-1	-1	-1
pr_id	338	670	679	60	79	-1	-1	-1	-1
pr_id	339	670	679	80	90	-1	-1	-1	-1
pr_id	340	680	689	0	19	-1	-1	-1	-1
pr_id	341	680	689	20	39	-1	-1	-1	-1
pr_id	342	680	689	40	59	-1	-1	-1	-1
pr_id	343	680	689	60	79	-1	-1	-1	-1
pr_id	344	680	689	80	90	-1	-1	-1	-1
pr_id	345	690	699	0	19	-1	-1	-1	-1
pr_id	346	690	699	20	39	-1	-1	-1	-1
pr_id	347	690	699	40	59	-1	-1	-1	-1
pr_id	348	690	699	60	79	-1	-1	-1	-1
pr_id	349	690	699	80	90	-1	-1	-1	-1
pr_id	350	700	709	0	19	-1	-1	-1	-1
pr_id	351	700	709	20	39	-1	-1	-1	-1
pr_id	352	700	709	40	59	-1	-1	-1	-1
pr_id	353	700	709	60	79	-1	-1	-1	-1
pr_id	354	700	709	80	90	-1	-1	-1	-1
pr_id	355	710	719	0	19	-1	-1	-1	-1
pr_id	356	710	719	20	39	-1	-1	-1	-1
pr_id	357	710	719	40	59	-1	-1	-1	-1
pr_id	358	710	719	60	79	-1	-1	-1	-1
pr_id	359	710	719	80	90	-1	-1	-1	-1
pr_id	360	720	729	0	19	-1	-1	-1	-1
pr_id	361	720	729	20	39	-1	-1	-1	-1
pr_id	362	720	729	40	59	-1	-1	-1	-1
pr_id	363	720	729	60	79	-1	-1	-1	-1
pr_id	364	720	729	80	90	-1	-1	-1	-1
pr_id	365	730	739	0	19	-1	-1	-1	-1
pr_id	366	730	739	20	39	-1	-1	-1	-1
pr_id	367	730	739	40	59	-1	-1	-1	-1
pr_id	368	730	739	60	79	-1	-1	-1	-1
pr_id	369	730	739	80	90	-1	-1	-1	-1
pr_id	370	740	749	0	19	-1	-1	-1	-1
pr_id	371	740	749	20	39	-1	-1	-1	-1
pr_id	372	740	749	40	59	-1	-1	-1	-1
pr_id	373	740	749	60	79	-1	-1	-1	-1
pr_id	374	740	749	80	90	-1	-1	-1	-1
pr_id	375	750	759	0	19	-1	-1	-1	-1
pr_id	376	750	759	20	39	-1	-1	-1	-1
pr_id	377	750	759	40	59	-1	-1	-1	-1
pr_id	378	750	759	60	79	-1	-1	-1	-1
pr_id	379	750	759	80	90	-1	-1	-1	-1
pr_id	380	760	769	0	19	-1	-1	-1	-1
pr_id	381	760	769	20	39	-1	-1	-1	-1
pr_id	382	760	769	40	59	-1	-1	-1	-1
pr_id	383	760	769	60	79	-1	-1	-1	-1
pr_id	384	760	769	80	90	-1	-1	-1	-1
pr_id	385	770	779	0	19	-1	-1	-1	-1
pr_id	386	770	779	20	39	-1	-1	-1	-1
pr_id	387	770	779	40	59	-1	-1	-1	-1
pr_id	388	770	779	60	79	-1	-1	-1	-1
pr_id	389	770	779	80	90	-1	-1	-1	-1
pr_id	390	780	789	0	19	-1	-1	-1	-1
pr_id	391	780	789	20	39	-1	-1	-1	-1
pr_id	392	780	789	40	59	-1	-1	-1	-1
pr_id	393	780	789	60	79	-1	-1	-1	-1
pr_id	394	780	789	80	90	-1	-1	-1	-1
pr_id	395	790	799	0	19	-1	-1	-1	-1
pr_id	396	790	799	20	39	-1	-1	-1	-1
pr_id	397	790	799	40	59	-1	-1	-1	-1
pr_id	398	790	799	60	79	-1	-1	-1	-1
pr_id	399	790	799	80	90	-1	-1	-1	-1
pr_id	400	800	809	0	19	-1	-1	-1	-1
pr_id	401	800	809	20	39	-1	-1	-1	-1
pr_id	402	800	809	40	59	-1	-1	-1	-1
pr_id	403	800	809	60	79	-1	-1	-1	-1
pr_id	404	800	809	80	90	-1	-1	-1	-1
pr_id	405	810	819	0	19	-1	-1	-1	-1
pr_id	406	810	819	20	39	-1	-1	-1	-1
pr_id	407	810	819	40	59	-1	-1	-1	-1
pr_id	408	810	819	60	79	-1	-1	-1	-1
pr_id	409	810	819	80	90	-1	-1	-1	-1
pr_id	410	820	829	0	19	-1	-1	-1	-1
pr_id	411	820	829	20	39	-1	-1	-1	-1
pr_id	412	820	829	40	59	-1	-1	-1	-1
pr_id	413	820	829	60	79	-1	-1	-1	-1
pr_id	414	820	829	80	90	-1	-1	-1	-1
pr_id	415	830	839	0	19	-1	-1	-1	-1
pr_id	416	830	839	20	39	-1	-1	-1	-1
pr_id	417	830	839	40	59	-1	-1	-1	-1
pr_id	418	830	839	60	79	-1	-1	-1	-1
pr_id	419	830	839	80	90	-1	-1	-1	-1
pr_id	420	840	849	0	19	-1	-1	-1	-1
pr_id	421	840	849	20	39	-1	-1	-1	-1
pr_id	422	840	849	40	59	-1	-1	-1	-1
pr_id	423	840	849	60	79	-1	-1	-1	-1
pr_id	424	840	849	80	90	-1	-1	-1	-1
pr_id	425	850	859	0	19	-1	-1	-1	-1
pr_id	426	850	859	20	39	-1	-1	-1	-1
pr_id	427	850	859	40	59	-1	-1	-1	-1
pr_id	428	850	859	60	79	-1	-1	-1	-1
pr_id	429	850	859	80	90	-1	-1	-1	-1
pr_id	430	860	869	0	19	-1	-1	-1	-1
pr_id	431	860	869	20	39	-1	-1	-1	-1
pr_id	432	860	869	40	59	-1	-1	-1	-1
pr_id	433	860	869	60	79	-1	-1	-1	-1
pr_id	434	860	869	80	90	-1	-1	-1	-1
pr_id	435	870	879	0	19	-1	-1	-1	-1
pr_id	436	870	879	20	39	-1	-1	-1	-1
pr_id	437	870	879	40	59	-1	-1	-1	-1
pr_id	438	870	879	60	79	-1	-1	-1	-1
pr_id	439	870	879	80	90	-1	-1	-1	-1
pr_id	440	880	889	0	19	-1	-1	-1	-1
pr_id	441	880	889	20	39	-1	-1	-1	-1
pr_id	442	880	889	40	59	-1	-1	-1	-1
pr_id	443	880	889	60	79	-1	-1	-1	-1
pr_id	444	880	889	80	90	-1	-1	-1	-1
pr_id	445	890	899	0	19	-1	-1	-1	-1
pr_id	446	890	899	20	39	-1	-1	-1	-1
pr_id	447	890	899	40	59	-1	-1	-1	-1
pr_id	448	890	899	60	79	-1	-1	-1	-1
pr_id	449	890	899	80	90	-1	-1	-1	-1
pr_id	450	900	909	0	19	-1	-1	-1	-1
pr_id	451	900	909	20	39	-1	-1	-1	-1
pr_id	452	900	909	40	59	-1	-1	-1	-1
pr_id	453	900	909	60	79	-1	-1	-1	-1
pr_id	454	900	909	80	90	-1	-1	-1	-1
pr_id	455	910	919	0	19	-1	-1	-1	-1
pr_id	456	910	919	20	39	-1	-1	-1	-1
pr_id	457	910	919	40	59	-1	-1	-1	-1
pr_id	458	910	919	60	79	-1	-1	-1	-1
pr_id	459	910	919	80	90	-1	-1	-1	-1
pr_id	460	920	929	0	19	-1	-1	-1	-1
pr_id	461	920	929	20	39	-1	-1	-1	-1
pr_id	462	920	929	40	59	-1	-1	-1	-1
pr_id	463	920	929	60	79	-1	-1	-1	-1
pr_id	464	920	929	80	90	-1	-1	-1	-1
pr_id	465	930	939	0	19	-1	-1	-1	-1
pr_id	466	930	939	20	39	-1	-1	-1	-1
pr_id	467	930	939	40	59	-1	-1	-1	-1
pr_id	468	930	939	60	79	-1	-1	-1	-1
pr_id	469	930	939	80	90	-1	-1	-1	-1
pr_id	470	940	949	0	19	-1	-1	-1	-1
pr_id	471	940	949	20	39	-1	-1	-1	-1
pr_id	472	940	949	40	59	-1	-1	-1	-1
pr_id	473	940	949	60	79	-1	-1	-1	-1
pr_id	474	940	949	80	90	-1	-1	-1	-1
pr_id	475	950	959	0	19	-1	-1	-1	-1
pr_id	476	950	959	20	39	-1	-1	-1	-1
pr_id	477	950	959	40	59	-1	-1	-1	-1
pr_id	478	950	959	60	79	-1	-1	-1	-1
pr_id	479	950	959	80	90	-1	-1	-1	-1
pr_id	480	960	969	0	19	-1	-1	-1	-1
pr_id	481	960	969	20	39	-1	-1	-1	-1
pr_id	482	960	969	40	59	-1	-1	-1	-1
pr_id	483	960	969	60	79	-1	-1	-1	-1
pr_id	484	960	969	80	90	-1	-1	-1	-1
pr_id	485	970	979	0	19	-1	-1	-1	-1
pr_id	486	970	979	20	39	-1	-1	-1	-1
pr_id	487	970	979	40	59	-1	-1	-1	-1
pr_id	488	970	979	60	79	-1	-1	-1	-1
pr_id	489	970	979	80	90	-1	-1	-1	-1
pr_id	490	980	989	0	19	-1	-1	-1	-1
pr_id	491	980	989	20	39	-1	-1	-1	-1
pr_id	492	980	989	40	59	-1	-1	-1	-1
pr_id	493	980	989	60	79	-1	-1	-1	-1
pr_id	494	980	989	80	90	-1	-1	-1	-1
pr_id	495	990	999	0	19	-1	-1	-1	-1
pr_id	496	990	999	20	39	-1	-1	-1	-1
pr_id	497	990	999	40	59	-1	-1	-1	-1
pr_id	498	990	999	60	79	-1	-1	-1	-1
pr_id	499	990	999	80	90	-1	-1	-1	-1
pr_id	500	1000	1000	0	19	-1	-1	-1	-1
pr_id	501	1000	1000	20	39	-1	-1	-1	-1
pr_id	502	1000	1000	40	59	-1	-1	-1	-1
pr_id	503	1000	1000	60	79	-1	-1	-1	-1
pr_id	504	1000	1000	80	90	-1	-1	-1	-1
pr_id	505	-1	-1	-1	-1	0	19	0	9
pr_id	506	-1	-1	-1	-1	20	39	0	9
pr_id	507	-1	-1	-1	-1	40	59	0	9
pr_id	508	-1	-1	-1	-1	60	79	0	9
pr_id	509	-1	-1	-1	-1	80	90	0	9
pr_id	510	-1	-1	-1	-1	0	19	10	19
pr_id	511	-1	-1	-1	-1	20	39	10	19
pr_id	512	-1	-1	-1	-1	40	59	10	19
pr_id	513	-1	-1	-1	-1	60	79	10	19
pr_id	514	-1	-1	-1	-1	80	90	10	19
pr_id	515	-1	-1	-1	-1	0	19	20	29
pr_id	516	-1	-1	-1	-1	20	39	20	29
pr_id	517	-1	-1	-1	-1	40	59	20	29
pr_id	518	-1	-1	-1	-1	60	79	20	29
pr_id	519	-1	-1	-1	-1	80	90	20	29
pr_id	520	-1	-1	-1	-1	0	19	30	39
pr_id	521	-1	-1	-1	-1	20	39	30	39
pr_id	522	-1	-1	-1	-1	40	59	30	39
pr_id	523	-1	-1	-1	-1	60	79	30	39
pr_id	524	-1	-1	-1	-1	80	90	30	39
pr_id	525	-1	-1	-1	-1	0	19	40	49
pr_id	526	-1	-1	-1	-1	20	39	40	49
pr_id	527	-1	-1	-1	-1	40	59	40	49
pr_id	528	-1	-1	-1	-1	60	79	40	49
pr_id	529	-1	-1	-1	-1	80	90	40	49
pr_id	530	-1	-1	-1	-1	0	19	50	59
pr_id	531	-1	-1	-1	-1	20	39	50	59
pr_id	532	-1	-1	-1	-1	40	59	50	59
pr_id	533	-1	-1	-1	-1	60	79	50	59
pr_id	534	-1	-1	-1	-1	80	90	50	59
pr_id	535	-1	-1	-1	-1	0	19	60	69
pr_id	536	-1	-1	-1	-1	20	39	60	69
pr_id	537	-1	-1	-1	-1	40	59	60	69
pr_id	538	-1	-1	-1	-1	60	79	60	69
pr_id	539	-1	-1	-1	-1	80	90	60	69
pr_id	540	-1	-1	-1	-1	0	19	70	79
pr_id	541	-1	-1	-1	-1	20	39	70	79
pr_id	542	-1	-1	-1	-1	40	59	70	79
pr_id	543	-1	-1	-1	-1	60	79	70	79
pr_id	544	-1	-1	-1	-1	80	90	70	79
pr_id	545	-1	-1	-1	-1	0	19	80	89
pr_id	546	-1	-1	-1	-1	20	39	80	89
pr_id	547	-1	-1	-1	-1	40	59	80	89
pr_id	548	-1	-1	-1	-1	60	79	80	89
pr_id	549	-1	-1	-1	-1	80	90	80	89
pr_id	550	-1	-1	-1	-1	0	19	90	99
pr_id	551	-1	-1	-1	-1	20	39	90	99
pr_id	552	-1	-1	-1	-1	40	59	90	99
pr_id	553	-1	-1	-1	-1	60	79	90	99
pr_id	554	-1	-1	-1	-1	80	90	90	99
pr_id	555	-1	-1	-1	-1	0	19	100	109
pr_id	556	-1	-1	-1	-1	20	39	100	109
pr_id	557	-1	-1	-1	-1	40	59	100	109
pr_id	558	-1	-1	-1	-1	60	79	100	109
pr_id	559	-1	-1	-1	-1	80	90	100	109
pr_id	560	-1	-1	-1	-1	0	19	110	119
pr_id	561	-1	-1	-1	-1	20	39	110	119
pr_id	562	-1	-1	-1	-1	40	59	110	119
pr_id	563	-1	-1	-1	-1	60	79	110	119
pr_id	564	-1	-1	-1	-1	80	90	110	119
pr_id	565	-1	-1	-1	-1	0	19	120	129
pr_id	566	-1	-1	-1	-1	20	39	120	129
pr_id	567	-1	-1	-1	-1	40	59	120	129
pr_id	568	-1	-1	-1	-1	60	79	120	129
pr_id	569	-1	-1	-1	-1	80	90	120	129
pr_id	570	-1	-1	-1	-1	0	19	130	139
pr_id	571	-1	-1	-1	-1	20	39	130	139
pr_id	572	-1	-1	-1	-1	40	59	130	139
pr_id	573	-1	-1	-1	-1	60	79	130	139
pr_id	574	-1	-1	-1	-1	80	90	130	139
pr_id	575	-1	-1	-1	-1	0	19	140	149
pr_id	576	-1	-1	-1	-1	20	39	140	149
pr_id	577	-1	-1	-1	-1	40	59	140	149
pr_id	578	-1	-1	-1	-1	60	79	140	149
pr_id	579	-1	-1	-1	-1	80	90	140	149
pr_id	580	-1	-1	-1	-1	0	19	150	159
pr_id	581	-1	-1	-1	-1	20	39	150	159
pr_id	582	-1	-1	-1	-1	40	59	150	159
pr_id	583	-1	-1	-1	-1	60	79	150	159
pr_id	584	-1	-1	-1	-1	80	90	150	159
pr_id	585	-1	-1	-1	-1	0	19	160	169
pr_id	586	-1	-1	-1	-1	20	39	160	169
pr_id	587	-1	-1	-1	-1	40	59	160	169
pr_id	588	-1	-1	-1	-1	60	79	160	169
pr_id	589	-1	-1	-1	-1	80	90	160	169
pr_id	590	-1	-1	-1	-1	0	19	170	179
pr_id	591	-1	-1	-1	-1	20	39	170	179
pr_id	592	-1	-1	-1	-1	40	59	170	179
pr_id	593	-1	-1	-1	-1	60	79	170	179
pr_id	594	-1	-1	-1	-1	80	90	170	179
pr_id	595	-1	-1	-1	-1	0	19	180	189
pr_id	596	-1	-1	-1	-1	20	39	180	189
pr_id	597	-1	-1	-1	-1	40	59	180	189
pr_id	598	-1	-1	-1	-1	60	79	180	189
pr_id	599	-1	-1	-1	-1	80	90	180	189
pr_id	600	-1	-1	-1	-1	0	19	190	199
pr_id	601	-1	-1	-1	-1	20	39	190	199
pr_id	602	-1	-1	-1	-1	40	59	190	199
pr_id	603	-1	-1	-1	-1	60	79	190	199
pr_id	604	-1	-1	-1	-1	80	90	190	199
pr_id	605	-1	-1	-1	-1	0	19	200	209
pr_id	606	-1	-1	-1	-1	20	39	200	209
pr_id	607	-1	-1	-1	-1	40	59	200	209
pr_id	608	-1	-1	-1	-1	60	79	200	209
pr_id	609	-1	-1	-1	-1	80	90	200	209
pr_id	610	-1	-1	-1	-1	0	19	210	219
pr_id	611	-1	-1	-1	-1	20	39	210	219
pr_id	612	-1	-1	-1	-1	40	59	210	219
pr_id	613	-1	-1	-1	-1	60	79	210	219
pr_id	614	-1	-1	-1	-1	80	90	210	219
pr_id	615	-1	-1	-1	-1	0	19	220	229
pr_id	616	-1	-1	-1	-1	20	39	220	229
pr_id	617	-1	-1	-1	-1	40	59	220	229
pr_id	618	-1	-1	-1	-1	60	79	220	229
pr_id	619	-1	-1	-1	-1	80	90	220	229
pr_id	620	-1	-1	-1	-1	0	19	230	239
pr_id	621	-1	-1	-1	-1	20	39	230	239
pr_id	622	-1	-1	-1	-1	40	59	230	239
pr_id	623	-1	-1	-1	-1	60	79	230	239
pr_id	624	-1	-1	-1	-1	80	90	230	239
pr_id	625	-1	-1	-1	-1	0	19	240	249
pr_id	626	-1	-1	-1	-1	20	39	240	249
pr_id	627	-1	-1	-1	-1	40	59	240	249
pr_id	628	-1	-1	-1	-1	60	79	240	249
pr_id	629	-1	-1	-1	-1	80	90	240	249
pr_id	630	-1	-1	-1	-1	0	19	250	259
pr_id	631	-1	-1	-1	-1	20	39	250	259
pr_id	632	-1	-1	-1	-1	40	59	250	259
pr_id	633	-1	-1	-1	-1	60	79	250	259
pr_id	634	-1	-1	-1	-1	80	90	250	259
pr_id	635	-1	-1	-1	-1	0	19	260	269
pr_id	636	-1	-1	-1	-1	20	39	260	269
pr_id	637	-1	-1	-1	-1	40	59	260	269
pr_id	638	-1	-1	-1	-1	60	79	260	269
pr_id	639	-1	-1	-1	-1	80	90	260	269
pr_id	640	-1	-1	-1	-1	0	19	270	279
pr_id	641	-1	-1	-1	-1	20	39	270	279
pr_id	642	-1	-1	-1	-1	40	59	270	279
pr_id	643	-1	-1	-1	-1	60	79	270	279
pr_id	644	-1	-1	-1	-1	80	90	270	279
pr_id	645	-1	-1	-1	-1	0	19	280	289
pr_id	646	-1	-1	-1	-1	20	39	280	289
pr_id	647	-1	-1	-1	-1	40	59	280	289
pr_id	648	-1	-1	-1	-1	60	79	280	289
pr_id	649	-1	-1	-1	-1	80	90	280	289
pr_id	650	-1	-1	-1	-1	0	19	290	299
pr_id	651	-1	-1	-1	-1	20	39	290	299
pr_id	652	-1	-1	-1	-1	40	59	290	299
pr_id	653	-1	-1	-1	-1	60	79	290	299
pr_id	654	-1	-1	-1	-1	80	90	290	299
pr_id	655	-1	-1	-1	-1	0	19	300	309
pr_id	656	-1	-1	-1	-1	20	39	300	309
pr_id	657	-1	-1	-1	-1	40	59	300	309
pr_id	658	-1	-1	-1	-1	60	79	300	309
pr_id	659	-1	-1	-1	-1	80	90	300	309
pr_id	660	-1	-1	-1	-1	0	19	310	319
pr_id	661	-1	-1	-1	-1	20	39	310	319
pr_id	662	-1	-1	-1	-1	40	59	310	319
pr_id	663	-1	-1	-1	-1	60	79	310	319
pr_id	664	-1	-1	-1	-1	80	90	310	319
pr_id	665	-1	-1	-1	-1	0	19	320	329
pr_id	666	-1	-1	-1	-1	20	39	320	329
pr_id	667	-1	-1	-1	-1	40	59	320	329
pr_id	668	-1	-1	-1	-1	60	79	320	329
pr_id	669	-1	-1	-1	-1	80	90	320	329
pr_id	670	-1	-1	-1	-1	0	19	330	339
pr_id	671	-1	-1	-1	-1	20	39	330	339
pr_id	672	-1	-1	-1	-1	40	59	330	339
pr_id	673	-1	-1	-1	-1	60	79	330	339
pr_id	674	-1	-1	-1	-1	80	90	330	339
pr_id	675	-1	-1	-1	-1	0	19	340	349
pr_id	676	-1	-1	-1	-1	20	39	340	349
pr_id	677	-1	-1	-1	-1	40	59	340	349
pr_id	678	-1	-1	-1	-1	60	79	340	349
pr_id	679	-1	-1	-1	-1	80	90	340	349
pr_id	680	-1	-1	-1	-1	0	19	350	359
pr_id	681	-1	-1	-1	-1	20	39	350	359
pr_id	682	-1	-1	-1	-1	40	59	350	359
pr_id	683	-1	-1	-1	-1	60	79	350	359
pr_id	684	-1	-1	-1	-1	80	90	350	359
pr_id	685	-1	-1	-1	-1	0	19	360	369
pr_id	686	-1	-1	-1	-1	20	39	360	369
pr_id	687	-1	-1	-1	-1	40	59	360	369
pr_id	688	-1	-1	-1	-1	60	79	360	369
pr_id	689	-1	-1	-1	-1	80	90	360	369
pr_id	690	-1	-1	-1	-1	0	19	370	379
pr_id	691	-1	-1	-1	-1	20	39	370	379
pr_id	692	-1	-1	-1	-1	40	59	370	379
pr_id	693	-1	-1	-1	-1	60	79	370	379
pr_id	694	-1	-1	-1	-1	80	90	370	379
pr_id	695	-1	-1	-1	-1	0	19	380	389
pr_id	696	-1	-1	-1	-1	20	39	380	389
pr_id	697	-1	-1	-1	-1	40	59	380	389
pr_id	698	-1	-1	-1	-1	60	79	380	389
pr_id	699	-1	-1	-1	-1	80	90	380	389
pr_id	700	-1	-1	-1	-1	0	19	390	399
pr_id	701	-1	-1	-1	-1	20	39	390	399
pr_id	702	-1	-1	-1	-1	40	59	390	399
pr_id	703	-1	-1	-1	-1	60	79	390	399
pr_id	704	-1	-1	-1	-1	80	90	390	399
pr_id	705	-1	-1	-1	-1	0	19	400	409
pr_id	706	-1	-1	-1	-1	20	39	400	409
pr_id	707	-1	-1	-1	-1	40	59	400	409
pr_id	708	-1	-1	-1	-1	60	79	400	409
pr_id	709	-1	-1	-1	-1	80	90	400	409
pr_id	710	-1	-1	-1	-1	0	19	410	419
pr_id	711	-1	-1	-1	-1	20	39	410	419
pr_id	712	-1	-1	-1	-1	40	59	410	419
pr_id	713	-1	-1	-1	-1	60	79	410	419
pr_id	714	-1	-1	-1	-1	80	90	410	419
pr_id	715	-1	-1	-1	-1	0	19	420	429
pr_id	716	-1	-1	-1	-1	20	39	420	429
pr_id	717	-1	-1	-1	-1	40	59	420	429
pr_id	718	-1	-1	-1	-1	60	79	420	429
pr_id	719	-1	-1	-1	-1	80	90	420	429
pr_id	720	-1	-1	-1	-1	0	19	430	439
pr_id	721	-1	-1	-1	-1	20	39	430	439
pr_id	722	-1	-1	-1	-1	40	59	430	439
pr_id	723	-1	-1	-1	-1	60	79	430	439
pr_id	724	-1	-1	-1	-1	80	90	430	439
pr_id	725	-1	-1	-1	-1	0	19	440	449
pr_id	726	-1	-1	-1	-1	20	39	440	449
pr_id	727	-1	-1	-1	-1	40	59	440	449
pr_id	728	-1	-1	-1	-1	60	79	440	449
pr_id	729	-1	-1	-1	-1	80	90	440	449
pr_id	730	-1	-1	-1	-1	0	19	450	459
pr_id	731	-1	-1	-1	-1	20	39	450	459
pr_id	732	-1	-1	-1	-1	40	59	450	459
pr_id	733	-1	-1	-1	-1	60	79	450	459
pr_id	734	-1	-1	-1	-1	80	90	450	459
pr_id	735	-1	-1	-1	-1	0	19	460	469
pr_id	736	-1	-1	-1	-1	20	39	460	469
pr_id	737	-1	-1	-1	-1	40	59	460	469
pr_id	738	-1	-1	-1	-1	60	79	460	469
pr_id	739	-1	-1	-1	-1	80	90	460	469
pr_id	740	-1	-1	-1	-1	0	19	470	479
pr_id	741	-1	-1	-1	-1	20	39	470	479
pr_id	742	-1	-1	-1	-1	40	59	470	479
pr_id	743	-1	-1	-1	-1	60	79	470	479
pr_id	744	-1	-1	-1	-1	80	90	470	479
pr_id	745	-1	-1	-1	-1	0	19	480	489
pr_id	746	-1	-1	-1	-1	20	39	480	489
pr_id	747	-1	-1	-1	-1	40	59	480	489
pr_id	748	-1	-1	-1	-1	60	79	480	489
pr_id	749	-1	-1	-1	-1	80	90	480	489
pr_id	750	-1	-1	-1	-1	0	19	490	499
pr_id	751	-1	-1	-1	-1	20	39	490	499
pr_id	752	-1	-1	-1	-1	40	59	490	499
pr_id	753	-1	-1	-1	-1	60	79	490	499
pr_id	754	-1	-1	-1	-1	80	90	490	499
pr_id	755	-1	-1	-1	-1	0	19	500	509
pr_id	756	-1	-1	-1	-1	20	39	500	509
pr_id	757	-1	-1	-1	-1	40	59	500	509
pr_id	758	-1	-1	-1	-1	60	79	500	509
pr_id	759	-1	-1	-1	-1	80	90	500	509
pr_id	760	-1	-1	-1	-1	0	19	510	519
pr_id	761	-1	-1	-1	-1	20	39	510	519
pr_id	762	-1	-1	-1	-1	40	59	510	519
pr_id	763	-1	-1	-1	-1	60	79	510	519
pr_id	764	-1	-1	-1	-1	80	90	510	519
pr_id	765	-1	-1	-1	-1	0	19	520	529
pr_id	766	-1	-1	-1	-1	20	39	520	529
pr_id	767	-1	-1	-1	-1	40	59	520	529
pr_id	768	-1	-1	-1	-1	60	79	520	529
pr_id	769	-1	-1	-1	-1	80	90	520	529
pr_id	770	-1	-1	-1	-1	0	19	530	539
pr_id	771	-1	-1	-1	-1	20	39	530	539
pr_id	772	-1	-1	-1	-1	40	59	530	539
pr_id	773	-1	-1	-1	-1	60	79	530	539
pr_id	774	-1	-1	-1	-1	80	90	530	539
pr_id	775	-1	-1	-1	-1	0	19	540	549
pr_id	776	-1	-1	-1	-1	20	39	540	549
pr_id	777	-1	-1	-1	-1	40	59	540	549
pr_id	778	-1	-1	-1	-1	60	79	540	549
pr_id	779	-1	-1	-1	-1	80	90	540	549
pr_id	780	-1	-1	-1	-1	0	19	550	559
pr_id	781	-1	-1	-1	-1	20	39	550	559
pr_id	782	-1	-1	-1	-1	40	59	550	559
pr_id	783	-1	-1	-1	-1	60	79	550	559
pr_id	784	-1	-1	-1	-1	80	90	550	559
pr_id	785	-1	-1	-1	-1	0	19	560	569
pr_id	786	-1	-1	-1	-1	20	39	560	569
pr_id	787	-1	-1	-1	-1	40	59	560	569
pr_id	788	-1	-1	-1	-1	60	79	560	569
pr_id	789	-1	-1	-1	-1	80	90	560	569
pr_id	790	-1	-1	-1	-1	0	19	570	579
pr_id	791	-1	-1	-1	-1	20	39	570	579
pr_id	792	-1	-1	-1	-1	40	59	570	579
pr_id	793	-1	-1	-1	-1	60	79	570	579
pr_id	794	-1	-1	-1	-1	80	90	570	579
pr_id	795	-1	-1	-1	-1	0	19	580	589
pr_id	796	-1	-1	-1	-1	20	39	580	589
pr_id	797	-1	-1	-1	-1	40	59	580	589
pr_id	798	-1	-1	-1	-1	60	79	580	589
pr_id	799	-1	-1	-1	-1	80	90	580	589
pr_id	800	-1	-1	-1	-1	0	19	590	599
pr_id	801	-1	-1	-1	-1	20	39	590	599
pr_id	802	-1	-1	-1	-1	40	59	590	599
pr_id	803	-1	-1	-1	-1	60	79	590	599
pr_id	804	-1	-1	-1	-1	80	90	590	599
pr_id	805	-1	-1	-1	-1	0	19	600	609
pr_id	806	-1	-1	-1	-1	20	39	600	609
pr_id	807	-1	-1	-1	-1	40	59	600	609
pr_id	808	-1	-1	-1	-1	60	79	600	609
pr_id	809	-1	-1	-1	-1	80	90	600	609
pr_id	810	-1	-1	-1	-1	0	19	610	619
pr_id	811	-1	-1	-1	-1	20	39	610	619
pr_id	812	-1	-1	-1	-1	40	59	610	619
pr_id	813	-1	-1	-1	-1	60	79	610	619
pr_id	814	-1	-1	-1	-1	80	90	610	619
pr_id	815	-1	-1	-1	-1	0	19	620	629
pr_id	816	-1	-1	-1	-1	20	39	620	629
pr_id	817	-1	-1	-1	-1	40	59	620	629
pr_id	818	-1	-1	-1	-1	60	79	620	629
pr_id	819	-1	-1	-1	-1	80	90	620	629
pr_id	820	-1	-1	-1	-1	0	19	630	639
pr_id	821	-1	-1	-1	-1	20	39	630	639
pr_id	822	-1	-1	-1	-1	40	59	630	639
pr_id	823	-1	-1	-1	-1	60	79	630	639
pr_id	824	-1	-1	-1	-1	80	90	630	639
pr_id	825	-1	-1	-1	-1	0	19	640	649
pr_id	826	-1	-1	-1	-1	20	39	640	649
pr_id	827	-1	-1	-1	-1	40	59	640	649
pr_id	828	-1	-1	-1	-1	60	79	640	649
pr_id	829	-1	-1	-1	-1	80	90	640	649
pr_id	830	-1	-1	-1	-1	0	19	650	659
pr_id	831	-1	-1	-1	-1	20	39	650	659
pr_id	832	-1	-1	-1	-1	40	59	650	659
pr_id	833	-1	-1	-1	-1	60	79	650	659
pr_id	834	-1	-1	-1	-1	80	90	650	659
pr_id	835	-1	-1	-1	-1	0	19	660	669
pr_id	836	-1	-1	-1	-1	20	39	660	669
pr_id	837	-1	-1	-1	-1	40	59	660	669
pr_id	838	-1	-1	-1	-1	60	79	660	669
pr_id	839	-1	-1	-1	-1	80	90	660	669
pr_id	840	-1	-1	-1	-1	0	19	670	679
pr_id	841	-1	-1	-1	-1	20	39	670	679
pr_id	842	-1	-1	-1	-1	40	59	670	679
pr_id	843	-1	-1	-1	-1	60	79	670	679
pr_id	844	-1	-1	-1	-1	80	90	670	679
pr_id	845	-1	-1	-1	-1	0	19	680	689
pr_id	846	-1	-1	-1	-1	20	39	680	689
pr_id	847	-1	-1	-1	-1	40	59	680	689
pr_id	848	-1	-1	-1	-1	60	79	680	689
pr_id	849	-1	-1	-1	-1	80	90	680	689
pr_id	850	-1	-1	-1	-1	0	19	690	699
pr_id	851	-1	-1	-1	-1	20	39	690	699
pr_id	852	-1	-1	-1	-1	40	59	690	699
pr_id	853	-1	-1	-1	-1	60	79	690	699
pr_id	854	-1	-1	-1	-1	80	90	690	699
pr_id	855	-1	-1	-1	-1	0	19	700	709
pr_id	856	-1	-1	-1	-1	20	39	700	709
pr_id	857	-1	-1	-1	-1	40	59	700	709
pr_id	858	-1	-1	-1	-1	60	79	700	709
pr_id	859	-1	-1	-1	-1	80	90	700	709
pr_id	860	-1	-1	-1	-1	0	19	710	719
pr_id	861	-1	-1	-1	-1	20	39	710	719
pr_id	862	-1	-1	-1	-1	40	59	710	719
pr_id	863	-1	-1	-1	-1	60	79	710	719
pr_id	864	-1	-1	-1	-1	80	90	710	719
pr_id	865	-1	-1	-1	-1	0	19	720	729
pr_id	866	-1	-1	-1	-1	20	39	720	729
pr_id	867	-1	-1	-1	-1	40	59	720	729
pr_id	868	-1	-1	-1	-1	60	79	720	729
pr_id	869	-1	-1	-1	-1	80	90	720	729
pr_id	870	-1	-1	-1	-1	0	19	730	739
pr_id	871	-1	-1	-1	-1	20	39	730	739
pr_id	872	-1	-1	-1	-1	40	59	730	739
pr_id	873	-1	-1	-1	-1	60	79	730	739
pr_id	874	-1	-1	-1	-1	80	90	730	739
pr_id	875	-1	-1	-1	-1	0	19	740	749
pr_id	876	-1	-1	-1	-1	20	39	740	749
pr_id	877	-1	-1	-1	-1	40	59	740	749
pr_id	878	-1	-1	-1	-1	60	79	740	749
pr_id	879	-1	-1	-1	-1	80	90	740	749
pr_id	880	-1	-1	-1	-1	0	19	750	759
pr_id	881	-1	-1	-1	-1	20	39	750	759
pr_id	882	-1	-1	-1	-1	40	59	750	759
pr_id	883	-1	-1	-1	-1	60	79	750	759
pr_id	884	-1	-1	-1	-1	80	90	750	759
pr_id	885	-1	-1	-1	-1	0	19	760	769
pr_id	886	-1	-1	-1	-1	20	39	760	769
pr_id	887	-1	-1	-1	-1	40	59	760	769
pr_id	888	-1	-1	-1	-1	60	79	760	769
pr_id	889	-1	-1	-1	-1	80	90	760	769
pr_id	890	-1	-1	-1	-1	0	19	770	779
pr_id	891	-1	-1	-1	-1	20	39	770	779
pr_id	892	-1	-1	-1	-1	40	59	770	779
pr_id	893	-1	-1	-1	-1	60	79	770	779
pr_id	894	-1	-1	-1	-1	80	90	770	779
pr_id	895	-1	-1	-1	-1	0	19	780	789
pr_id	896	-1	-1	-1	-1	20	39	780	789
pr_id	897	-1	-1	-1	-1	40	59	780	789
pr_id	898	-1	-1	-1	-1	60	79	780	789
pr_id	899	-1	-1	-1	-1	80	90	780	789
pr_id	900	-1	-1	-1	-1	0	19	790	799
pr_id	901	-1	-1	-1	-1	20	39	790	799
pr_id	902	-1	-1	-1	-1	40	59	790	799
pr_id	903	-1	-1	-1	-1	60	79	790	799
pr_id	904	-1	-1	-1	-1	80	90	790	799
pr_id	905	-1	-1	-1	-1	0	19	800	809
pr_id	906	-1	-1	-1	-1	20	39	800	809
pr_id	907	-1	-1	-1	-1	40	59	800	809
pr_id	908	-1	-1	-1	-1	60	79	800	809
pr_id	909	-1	-1	-1	-1	80	90	800	809
pr_id	910	-1	-1	-1	-1	0	19	810	819
pr_id	911	-1	-1	-1	-1	20	39	810	819
pr_id	912	-1	-1	-1	-1	40	59	810	819
pr_id	913	-1	-1	-1	-1	60	79	810	819
pr_id	914	-1	-1	-1	-1	80	90	810	819
pr_id	915	-1	-1	-1	-1	0	19	820	829
pr_id	916	-1	-1	-1	-1	20	39	820	829
pr_id	917	-1	-1	-1	-1	40	59	820	829
pr_id	918	-1	-1	-1	-1	60	79	820	829
pr_id	919	-1	-1	-1	-1	80	90	820	829
pr_id	920	-1	-1	-1	-1	0	19	830	839
pr_id	921	-1	-1	-1	-1	20	39	830	839
pr_id	922	-1	-1	-1	-1	40	59	830	839
pr_id	923	-1	-1	-1	-1	60	79	830	839
pr_id	924	-1	-1	-1	-1	80	90	830	839
pr_id	925	-1	-1	-1	-1	0	19	840	849
pr_id	926	-1	-1	-1	-1	20	39	840	849
pr_id	927	-1	-1	-1	-1	40	59	840	849
pr_id	928	-1	-1	-1	-1	60	79	840	849
pr_id	929	-1	-1	-1	-1	80	90	840	849
pr_id	930	-1	-1	-1	-1	0	19	850	859
pr_id	931	-1	-1	-1	-1	20	39	850	859
pr_id	932	-1	-1	-1	-1	40	59	850	859
pr_id	933	-1	-1	-1	-1	60	79	850	859
pr_id	934	-1	-1	-1	-1	80	90	850	859
pr_id	935	-1	-1	-1	-1	0	19	860	869
pr_id	936	-1	-1	-1	-1	20	39	860	869
pr_id	937	-1	-1	-1	-1	40	59	860	869
pr_id	938	-1	-1	-1	-1	60	79	860	869
pr_id	939	-1	-1	-1	-1	80	90	860	869
pr_id	940	-1	-1	-1	-1	0	19	870	879
pr_id	941	-1	-1	-1	-1	20	39	870	879
pr_id	942	-1	-1	-1	-1	40	59	870	879
pr_id	943	-1	-1	-1	-1	60	79	870	879
pr_id	944	-1	-1	-1	-1	80	90	870	879
pr_id	945	-1	-1	-1	-1	0	19	880	889
pr_id	946	-1	-1	-1	-1	20	39	880	889
pr_id	947	-1	-1	-1	-1	40	59	880	889
pr_id	948	-1	-1	-1	-1	60	79	880	889
pr_id	949	-1	-1	-1	-1	80	90	880	889
pr_id	950	-1	-1	-1	-1	0	19	890	899
pr_id	951	-1	-1	-1	-1	20	39	890	899
pr_id	952	-1	-1	-1	-1	40	59	890	899
pr_id	953	-1	-1	-1	-1	60	79	890	899
pr_id	954	-1	-1	-1	-1	80	90	890	899
pr_id	955	-1	-1	-1	-1	0	19	900	909
pr_id	956	-1	-1	-1	-1	20	39	900	909
pr_id	957	-1	-1	-1	-1	40	59	900	909
pr_id	958	-1	-1	-1	-1	60	79	900	909
pr_id	959	-1	-1	-1	-1	80	90	900	909
pr_id	960	-1	-1	-1	-1	0	19	910	919
pr_id	961	-1	-1	-1	-1	20	39	910	919
pr_id	962	-1	-1	-1	-1	40	59	910	919
pr_id	963	-1	-1	-1	-1	60	79	910	919
pr_id	964	-1	-1	-1	-1	80	90	910	919
pr_id	965	-1	-1	-1	-1	0	19	920	929
pr_id	966	-1	-1	-1	-1	20	39	920	929
pr_id	967	-1	-1	-1	-1	40	59	920	929
pr_id	968	-1	-1	-1	-1	60	79	920	929
pr_id	969	-1	-1	-1	-1	80	90	920	929
pr_id	970	-1	-1	-1	-1	0	19	930	939
pr_id	971	-1	-1	-1	-1	20	39	930	939
pr_id	972	-1	-1	-1	-1	40	59	930	939
pr_id	973	-1	-1	-1	-1	60	79	930	939
pr_id	974	-1	-1	-1	-1	80	90	930	939
pr_id	975	-1	-1	-1	-1	0	19	940	949
pr_id	976	-1	-1	-1	-1	20	39	940	949
pr_id	977	-1	-1	-1	-1	40	59	940	949
pr_id	978	-1	-1	-1	-1	60	79	940	949
pr_id	979	-1	-1	-1	-1	80	90	940	949
pr_id	980	-1	-1	-1	-1	0	19	950	959
pr_id	981	-1	-1	-1	-1	20	39	950	959
pr_id	982	-1	-1	-1	-1	40	59	950	959
pr_id	983	-1	-1	-1	-1	60	79	950	959
pr_id	984	-1	-1	-1	-1	80	90	950	959
pr_id	985	-1	-1	-1	-1	0	19	960	969
pr_id	986	-1	-1	-1	-1	20	39	960	969
pr_id	987	-1	-1	-1	-1	40	59	960	969
pr_id	988	-1	-1	-1	-1	60	79	960	969
pr_id	989	-1	-1	-1	-1	80	90	960	969
pr_id	990	-1	-1	-1	-1	0	19	970	979
pr_id	991	-1	-1	-1	-1	20	39	970	979
pr_id	992	-1	-1	-1	-1	40	59	970	979
pr_id	993	-1	-1	-1	-1	60	79	970	979
pr_id	994	-1	-1	-1	-1	80	90	970	979
pr_id	995	-1	-1	-1	-1	0	19	980	989
pr_id	996	-1	-1	-1	-1	20	39	980	989
pr_id	997	-1	-1	-1	-1	40	59	980	989
pr_id	998	-1	-1	-1	-1	60	79	980	989
pr_id	999	-1	-1	-1	-1	80	90	980	989
pr_id	1000	-1	-1	-1	-1	0	19	990	999
pr_id	1001	-1	-1	-1	-1	20	39	990	999
pr_id	1002	-1	-1	-1	-1	40	59	990	999
pr_id	1003	-1	-1	-1	-1	60	79	990	999
pr_id	1004	-1	-1	-1	-1	80	90	990	999
pr_id	1005	-1	-1	-1	-1	0	19	1000	1000
pr_id	1006	-1	-1	-1	-1	20	39	1000	1000
pr_id	1007	-1	-1	-1	-1	40	59	1000	1000
pr_id	1008	-1	-1	-1	-1	60	79	1000	1000
pr_id	1009	-1	-1	-1	-1	80	90	1000	1000
